<edmx:Edmx xmlns:edmx="http://schemas.microsoft.com/ado/2007/06/edmx" xmlns:atom="http://www.w3.org/2005/Atom" Version="1.0">
	<edmx:DataServices xmlns:m="http://schemas.microsoft.com/ado/2007/08/dataservices/metadata" m:DataServiceVersion="2.0">
		<Schema xmlns="http://schemas.microsoft.com/ado/2008/09/edm" xmlns:sf="http://www.successfactors.com/edm/sf"
			xmlns:sap="http://www.successfactors.com/edm/sap" Namespace="SFODataSet">
			<EntityContainer Name="EntityContainer" m:IsDefaultEntityContainer="true">
				<EntitySet Name="User" EntityType="SFOData.User" sap:label="User" sap:creatable="true" sap:updatable="true" sap:upsertable="true"
					sap:deletable="false">
					<Documentation>
						<Summary>User</Summary>
						<LongDescription>Contains information about a system user including log in user name, password, and summaries of user personal and
							organizational information.</LongDescription>
						<sap:tagcollection>
							<sap:tag>Foundation/Platform (PLT)</sap:tag>
							<sap:tag>PLT - User Management</sap:tag>
						</sap:tagcollection>
					</Documentation>
				</EntitySet>
				<AssociationSet Name="proxy_of_user" Association="SFOData.proxy_of_user"><End EntitySet="User" Role="proxy"/><End EntitySet="User" Role="user"/></AssociationSet>
				<AssociationSet Name="customManager_of_user" Association="SFOData.customManager_of_user"><End EntitySet="User" Role="customManager"/><End EntitySet="User" Role="user"/></AssociationSet>
				<AssociationSet Name="secondManager_of_user" Association="SFOData.secondManager_of_user"><End EntitySet="User" Role="secondManager"/><End EntitySet="User" Role="user"/></AssociationSet>
				<AssociationSet Name="matrixManager_of_user" Association="SFOData.matrixManager_of_user"><End EntitySet="User" Role="matrixManager"/><End EntitySet="User" Role="user"/></AssociationSet>
				<AssociationSet Name="hr_of_user" Association="SFOData.hr_of_user"><End EntitySet="User" Role="hr"/><End EntitySet="User" Role="user"/></AssociationSet>
				<AssociationSet Name="manager_of_user" Association="SFOData.manager_of_user"><End EntitySet="User" Role="manager"/><End EntitySet="User" Role="user"/></AssociationSet>
			</EntityContainer>
		</Schema>
		<Schema xmlns="http://schemas.microsoft.com/ado/2008/09/edm" xmlns:sf="http://www.successfactors.com/edm/sf"
			xmlns:sap="http://www.successfactors.com/edm/sap" Namespace="SFOData">
			<EntityType Name="User">
				<Key><PropertyRef Name="userId"/></Key><Property Name="addressLine1" Type="Edm.String" Nullable="true" sap:required="false" sap:creatable="true" sap:updatable="true"
					sap:upsertable="true" sap:visible="true" sap:sortable="false" sap:filterable="false" MaxLength="255"
					sap:field-control="userPermissionsNav/addressLine1" sap:label="Address Line 1"/><Property Name="addressLine2" Type="Edm.String" Nullable="true" sap:required="false" sap:creatable="true" sap:updatable="true"
					sap:upsertable="true" sap:visible="true" sap:sortable="false" sap:filterable="false" MaxLength="255"
					sap:field-control="userPermissionsNav/addressLine2" sap:label="Address Line 2"/><Property Name="addressLine3" Type="Edm.String" Nullable="true" sap:required="false" sap:creatable="true" sap:updatable="true"
					sap:upsertable="true" sap:visible="true" sap:sortable="false" sap:filterable="false" sap:field-control="userPermissionsNav/addressLine3"
					sap:label="Address Line 3"/><Property Name="benchStrength" Type="Edm.String" Nullable="true" sap:required="false" sap:creatable="true" sap:updatable="true"
					sap:upsertable="true" sap:visible="true" sap:sortable="false" sap:filterable="false" sap:picklist="benchStrength"
					sap:field-control="userPermissionsNav/benchStrength" sap:label="Bench Strength"/><Property Name="bonusBudgetAmount" Type="Edm.Double" Nullable="true" sap:required="false" sap:creatable="true" sap:updatable="true"
					sap:upsertable="true" sap:visible="true" sap:sortable="false" sap:filterable="false"
					sap:field-control="userPermissionsNav/bonusBudgetAmount" sap:label="bonusBudgetAmount"/><Property Name="bonusTarget" Type="Edm.Double" Nullable="true" sap:required="false" sap:creatable="true" sap:updatable="true"
					sap:upsertable="true" sap:visible="true" sap:sortable="false" sap:filterable="false" sap:field-control="userPermissionsNav/bonusTarget"
					sap:label="Target"/><Property Name="businessPhone" Type="Edm.String" Nullable="true" sap:required="false" sap:creatable="true" sap:updatable="true"
					sap:upsertable="true" sap:visible="true" sap:sortable="false" sap:filterable="false" MaxLength="20"
					sap:field-control="userPermissionsNav/businessPhone" sap:label="Business Phone"/><Property Name="businessSegment" Type="Edm.String" Nullable="true" sap:required="false" sap:creatable="true" sap:updatable="true"
					sap:upsertable="true" sap:visible="true" sap:sortable="false" sap:filterable="false" sap:field-control="userPermissionsNav/businessSegment"
					sap:label="Business Segment"/><Property Name="cellPhone" Type="Edm.String" Nullable="true" sap:required="false" sap:creatable="true" sap:updatable="true"
					sap:upsertable="true" sap:visible="true" sap:sortable="false" sap:filterable="false" sap:field-control="userPermissionsNav/cellPhone"
					sap:label="Cell Phone"/><Property Name="citizenship" Type="Edm.String" Nullable="true" sap:required="false" sap:creatable="true" sap:updatable="true"
					sap:upsertable="true" sap:visible="true" sap:sortable="false" sap:filterable="false" sap:field-control="userPermissionsNav/citizenship"
					sap:label="Citizenship"/><Property Name="city" Type="Edm.String" Nullable="true" sap:required="false" sap:creatable="true" sap:updatable="true" sap:upsertable="true"
					sap:visible="true" sap:sortable="false" sap:filterable="false" MaxLength="255" sap:field-control="userPermissionsNav/city" sap:label="City"/><Property Name="compensationBonusEligible" Type="Edm.Boolean" Nullable="true" sap:required="false" sap:creatable="true" sap:updatable="true"
					sap:upsertable="true" sap:visible="true" sap:sortable="false" sap:filterable="false"
					sap:field-control="userPermissionsNav/compensationBonusEligible" sap:label="compensationBonusEligible"/><Property Name="compensationEligible" Type="Edm.Boolean" Nullable="true" sap:required="false" sap:creatable="true" sap:updatable="true"
					sap:upsertable="true" sap:visible="true" sap:sortable="false" sap:filterable="false"
					sap:field-control="userPermissionsNav/compensationEligible" sap:label="compensationEligible"/><Property Name="compensationReadOnly" Type="Edm.Boolean" Nullable="true" sap:required="false" sap:creatable="true" sap:updatable="true"
					sap:upsertable="true" sap:visible="true" sap:sortable="false" sap:filterable="false"
					sap:field-control="userPermissionsNav/compensationReadOnly" sap:label="compensationReadOnly"/><Property Name="compensationSalaryEligible" Type="Edm.Boolean" Nullable="true" sap:required="false" sap:creatable="true"
					sap:updatable="true" sap:upsertable="true" sap:visible="true" sap:sortable="false" sap:filterable="false"
					sap:field-control="userPermissionsNav/compensationSalaryEligible" sap:label="compensationSalaryEligible"/><Property Name="compensationSalaryRateType" Type="Edm.String" Nullable="true" sap:required="false" sap:creatable="true" sap:updatable="true"
					sap:upsertable="true" sap:visible="true" sap:sortable="false" sap:filterable="false"
					sap:field-control="userPermissionsNav/compensationSalaryRateType" sap:label="Salary Type"/><Property Name="compensationSalaryRateUnits" Type="Edm.Int64" Nullable="true" sap:required="false" sap:creatable="true" sap:updatable="true"
					sap:upsertable="true" sap:visible="true" sap:sortable="false" sap:filterable="false"
					sap:field-control="userPermissionsNav/compensationSalaryRateUnits" sap:label="Units per Year"/><Property Name="compensationStockEligible" Type="Edm.Boolean" Nullable="true" sap:required="false" sap:creatable="true" sap:updatable="true"
					sap:upsertable="true" sap:visible="true" sap:sortable="false" sap:filterable="false"
					sap:field-control="userPermissionsNav/compensationStockEligible" sap:label="compensationStockEligible"/><Property Name="competency" Type="Edm.Single" Nullable="true" sap:required="false" sap:creatable="true" sap:updatable="true"
					sap:upsertable="true" sap:visible="true" sap:sortable="false" sap:filterable="false" sap:field-control="userPermissionsNav/competency"
					sap:label="Competency"/><Property Name="country" Type="Edm.String" Nullable="true" sap:required="false" sap:creatable="true" sap:updatable="true"
					sap:upsertable="true" sap:visible="true" sap:sortable="false" sap:filterable="false" MaxLength="255"
					sap:field-control="userPermissionsNav/country" sap:label="Country"/><Property Name="criticalTalentComments" Type="Edm.String" Nullable="true" sap:required="false" sap:creatable="true" sap:updatable="true"
					sap:upsertable="true" sap:visible="true" sap:sortable="false" sap:filterable="false"
					sap:field-control="userPermissionsNav/criticalTalentComments" sap:label="Critical Talent Comments"/><Property Name="custom01" Type="Edm.String" Nullable="true" sap:required="false" sap:creatable="true" sap:updatable="true"
					sap:upsertable="true" sap:visible="true" sap:sortable="false" sap:filterable="false" MaxLength="255"
					sap:field-control="userPermissionsNav/custom01" sap:label="Customizable Field 1"/><Property Name="custom02" Type="Edm.String" Nullable="true" sap:required="false" sap:creatable="true" sap:updatable="true"
					sap:upsertable="true" sap:visible="true" sap:sortable="false" sap:filterable="false" MaxLength="255"
					sap:field-control="userPermissionsNav/custom02" sap:label="Customizable Field 2"/><Property Name="custom03" Type="Edm.String" Nullable="true" sap:required="false" sap:creatable="true" sap:updatable="true"
					sap:upsertable="true" sap:visible="true" sap:sortable="false" sap:filterable="false" MaxLength="255"
					sap:field-control="userPermissionsNav/custom03" sap:label="Customizable Field 3"/><Property Name="custom04" Type="Edm.String" Nullable="true" sap:required="false" sap:creatable="true" sap:updatable="true"
					sap:upsertable="true" sap:visible="true" sap:sortable="false" sap:filterable="false" MaxLength="255"
					sap:field-control="userPermissionsNav/custom04" sap:label="Customizable Field 4"/><Property Name="custom05" Type="Edm.String" Nullable="true" sap:required="false" sap:creatable="true" sap:updatable="true"
					sap:upsertable="true" sap:visible="true" sap:sortable="false" sap:filterable="false" MaxLength="255"
					sap:field-control="userPermissionsNav/custom05" sap:label="Customizable Field 5"/><Property Name="custom06" Type="Edm.String" Nullable="true" sap:required="false" sap:creatable="true" sap:updatable="true"
					sap:upsertable="true" sap:visible="true" sap:sortable="false" sap:filterable="false" MaxLength="255"
					sap:field-control="userPermissionsNav/custom06" sap:label="Customizable Field 6"/><Property Name="custom07" Type="Edm.String" Nullable="true" sap:required="false" sap:creatable="true" sap:updatable="true"
					sap:upsertable="true" sap:visible="true" sap:sortable="false" sap:filterable="false" MaxLength="255"
					sap:field-control="userPermissionsNav/custom07" sap:label="Customizable Field 7"/><Property Name="custom08" Type="Edm.String" Nullable="true" sap:required="false" sap:creatable="true" sap:updatable="true"
					sap:upsertable="true" sap:visible="true" sap:sortable="false" sap:filterable="false" MaxLength="255"
					sap:field-control="userPermissionsNav/custom08" sap:label="Customizable Field 8"/><Property Name="custom09" Type="Edm.String" Nullable="true" sap:required="false" sap:creatable="true" sap:updatable="true"
					sap:upsertable="true" sap:visible="true" sap:sortable="false" sap:filterable="false" MaxLength="255"
					sap:field-control="userPermissionsNav/custom09" sap:label="Customizable Field 9"/><Property Name="custom10" Type="Edm.String" Nullable="true" sap:required="false" sap:creatable="true" sap:updatable="true"
					sap:upsertable="true" sap:visible="true" sap:sortable="false" sap:filterable="false" MaxLength="255"
					sap:field-control="userPermissionsNav/custom10" sap:label="Customizable Field 10"/><Property Name="custom11" Type="Edm.String" Nullable="true" sap:required="false" sap:creatable="true" sap:updatable="true"
					sap:upsertable="true" sap:visible="true" sap:sortable="false" sap:filterable="false" MaxLength="255"
					sap:field-control="userPermissionsNav/custom11" sap:label="Customizable Field 11"/><Property Name="custom12" Type="Edm.String" Nullable="true" sap:required="false" sap:creatable="true" sap:updatable="true"
					sap:upsertable="true" sap:visible="true" sap:sortable="false" sap:filterable="false" MaxLength="255"
					sap:field-control="userPermissionsNav/custom12" sap:label="Customizable Field 12"/><Property Name="custom13" Type="Edm.String" Nullable="true" sap:required="false" sap:creatable="true" sap:updatable="true"
					sap:upsertable="true" sap:visible="true" sap:sortable="false" sap:filterable="false" MaxLength="255"
					sap:field-control="userPermissionsNav/custom13" sap:label="Customizable Field 13"/><Property Name="custom14" Type="Edm.String" Nullable="true" sap:required="false" sap:creatable="true" sap:updatable="true"
					sap:upsertable="true" sap:visible="true" sap:sortable="false" sap:filterable="false" MaxLength="255"
					sap:field-control="userPermissionsNav/custom14" sap:label="Customizable Field 14"/><Property Name="custom15" Type="Edm.String" Nullable="true" sap:required="false" sap:creatable="true" sap:updatable="true"
					sap:upsertable="true" sap:visible="true" sap:sortable="false" sap:filterable="false" MaxLength="255"
					sap:field-control="userPermissionsNav/custom15" sap:label="Customizable Field 15"/><Property Name="dateOfBirth" Type="Edm.DateTime" Nullable="true" sap:required="false" sap:creatable="true" sap:updatable="true"
					sap:upsertable="true" sap:visible="true" sap:sortable="false" sap:filterable="false" sap:field-control="userPermissionsNav/dateOfBirth"
					sap:display-format="Date" sap:label="Date Of Birth"/><Property Name="dateOfCurrentPosition" Type="Edm.DateTime" Nullable="true" sap:required="false" sap:creatable="true" sap:updatable="true"
					sap:upsertable="true" sap:visible="true" sap:sortable="false" sap:filterable="false"
					sap:field-control="userPermissionsNav/dateOfCurrentPosition" sap:display-format="Date" sap:label="Date of Current Position"/><Property Name="dateOfPosition" Type="Edm.DateTime" Nullable="true" sap:required="false" sap:creatable="true" sap:updatable="true"
					sap:upsertable="true" sap:visible="true" sap:sortable="false" sap:filterable="false" sap:field-control="userPermissionsNav/dateOfPosition"
					sap:display-format="Date" sap:label="Date of Position"/><Property Name="defaultFullName" Type="Edm.String" Nullable="true" sap:required="false" sap:creatable="false" sap:updatable="false"
					sap:upsertable="false" sap:visible="true" sap:sortable="false" sap:filterable="false" sap:field-control="userPermissionsNav/defaultFullName"
					sap:label="defaultFullName"/><Property Name="defaultLocale" Type="Edm.String" Nullable="true" sap:required="false" sap:creatable="true" sap:updatable="true"
					sap:upsertable="true" sap:visible="true" sap:sortable="false" sap:filterable="false" MaxLength="100"
					sap:field-control="userPermissionsNav/defaultLocale" sap:label="Default Locale"/><Property Name="department" Type="Edm.String" Nullable="true" sap:required="false" sap:creatable="true" sap:updatable="true"
					sap:upsertable="true" sap:visible="true" sap:sortable="true" sap:filterable="true" MaxLength="128"
					sap:field-control="userPermissionsNav/department" sap:label="Department"/><Property Name="division" Type="Edm.String" Nullable="true" sap:required="false" sap:creatable="true" sap:updatable="true"
					sap:upsertable="true" sap:visible="true" sap:sortable="true" sap:filterable="true" MaxLength="128"
					sap:field-control="userPermissionsNav/division" sap:label="Division"/><Property Name="email" Type="Edm.String" Nullable="true" sap:required="false" sap:creatable="true" sap:updatable="true"
					sap:upsertable="true" sap:visible="true" sap:sortable="false" sap:filterable="false" sap:field-control="userPermissionsNav/email"
					sap:label="Email"/><Property Name="empId" Type="Edm.String" Nullable="true" sap:required="false" sap:creatable="true" sap:updatable="true"
					sap:upsertable="true" sap:visible="true" sap:sortable="false" sap:filterable="false" MaxLength="255"
					sap:field-control="userPermissionsNav/empId" sap:label="Employee Id"/><Property Name="employeeClass" Type="Edm.String" Nullable="true" sap:required="false" sap:creatable="true" sap:updatable="true"
					sap:upsertable="true" sap:visible="true" sap:sortable="false" sap:filterable="false" sap:field-control="userPermissionsNav/employeeClass"
					sap:label="Nature of Contract"/><Property Name="ethnicity" Type="Edm.String" Nullable="true" sap:required="false" sap:creatable="true" sap:updatable="true"
					sap:upsertable="true" sap:visible="true" sap:sortable="false" sap:filterable="false" sap:picklist="Ethnicity"
					sap:field-control="userPermissionsNav/ethnicity" sap:sensitive-personal-data="true" sap:label="Ethnicity"/><Property Name="fax" Type="Edm.String" Nullable="true" sap:required="false" sap:creatable="true" sap:updatable="true" sap:upsertable="true"
					sap:visible="true" sap:sortable="false" sap:filterable="false" MaxLength="20" sap:field-control="userPermissionsNav/fax"
					sap:label="Business Fax"/><Property Name="finalJobCode" Type="Edm.String" Nullable="true" sap:required="false" sap:creatable="true" sap:updatable="true"
					sap:upsertable="true" sap:visible="true" sap:sortable="false" sap:filterable="false" sap:field-control="userPermissionsNav/finalJobCode"
					sap:label="Final Job Code"/><Property Name="finalJobFamily" Type="Edm.String" Nullable="true" sap:required="false" sap:creatable="true" sap:updatable="true"
					sap:upsertable="true" sap:visible="true" sap:sortable="false" sap:filterable="false" sap:field-control="userPermissionsNav/finalJobFamily"
					sap:label="Final Job Family"/><Property Name="finalJobRole" Type="Edm.String" Nullable="true" sap:required="false" sap:creatable="true" sap:updatable="true"
					sap:upsertable="true" sap:visible="true" sap:sortable="false" sap:filterable="false" sap:field-control="userPermissionsNav/finalJobRole"
					sap:label="Final Job Role"/><Property Name="firstName" Type="Edm.String" Nullable="true" sap:required="false" sap:creatable="true" sap:updatable="true"
					sap:upsertable="true" sap:visible="true" sap:sortable="true" sap:filterable="true" MaxLength="128"
					sap:field-control="userPermissionsNav/firstName" sap:label="First Name"/><Property Name="futureLeader" Type="Edm.Boolean" Nullable="true" sap:required="false" sap:creatable="true" sap:updatable="true"
					sap:upsertable="true" sap:visible="true" sap:sortable="false" sap:filterable="false" sap:field-control="userPermissionsNav/futureLeader"
					sap:label="Future Leader"/><Property Name="gender" Type="Edm.String" Nullable="false" sap:required="false" sap:creatable="true" sap:updatable="true"
					sap:upsertable="true" sap:visible="true" sap:sortable="false" sap:filterable="false" MaxLength="2"
					sap:field-control="userPermissionsNav/gender" sap:label="Gender"/><Property Name="hireDate" Type="Edm.DateTime" Nullable="true" sap:required="false" sap:creatable="true" sap:updatable="true"
					sap:upsertable="true" sap:visible="true" sap:sortable="false" sap:filterable="false" sap:field-control="userPermissionsNav/hireDate"
					sap:display-format="Date" sap:label="Hire Date"/><Property Name="homePhone" Type="Edm.String" Nullable="true" sap:required="false" sap:creatable="true" sap:updatable="true"
					sap:upsertable="true" sap:visible="true" sap:sortable="false" sap:filterable="false" sap:field-control="userPermissionsNav/homePhone"
					sap:label="Home Phone"/><Property Name="impactOfLoss" Type="Edm.String" Nullable="true" sap:required="false" sap:creatable="true" sap:updatable="true"
					sap:upsertable="true" sap:visible="true" sap:sortable="false" sap:filterable="false" sap:picklist="impactOfLoss"
					sap:field-control="userPermissionsNav/impactOfLoss" sap:label="Impact of Loss"/><Property Name="impactOfLossComments" Type="Edm.String" Nullable="true" sap:required="false" sap:creatable="true" sap:updatable="true"
					sap:upsertable="true" sap:visible="true" sap:sortable="false" sap:filterable="false"
					sap:field-control="userPermissionsNav/impactOfLossComments" sap:label="Impact of Loss Comments"/><Property Name="issueComments" Type="Edm.String" Nullable="true" sap:required="false" sap:creatable="true" sap:updatable="true"
					sap:upsertable="true" sap:visible="true" sap:sortable="false" sap:filterable="false" sap:field-control="userPermissionsNav/issueComments"
					sap:label="Issue Comments"/><Property Name="jobCode" Type="Edm.String" Nullable="true" sap:required="false" sap:creatable="true" sap:updatable="true"
					sap:upsertable="true" sap:visible="true" sap:sortable="true" sap:filterable="true" MaxLength="128"
					sap:field-control="userPermissionsNav/jobCode" sap:label="Job Code"/><Property Name="jobFamily" Type="Edm.String" Nullable="true" sap:required="false" sap:creatable="true" sap:updatable="true"
					sap:upsertable="true" sap:visible="true" sap:sortable="false" sap:filterable="false" sap:field-control="userPermissionsNav/jobFamily"
					sap:label="Job Family"/><Property Name="jobLevel" Type="Edm.String" Nullable="true" sap:required="false" sap:creatable="true" sap:updatable="true"
					sap:upsertable="true" sap:visible="true" sap:sortable="false" sap:filterable="false" sap:field-control="userPermissionsNav/jobLevel"
					sap:label="Job Level"/><Property Name="jobRole" Type="Edm.String" Nullable="true" sap:required="false" sap:creatable="true" sap:updatable="true"
					sap:upsertable="true" sap:visible="true" sap:sortable="false" sap:filterable="false" sap:field-control="userPermissionsNav/jobRole"
					sap:label="Job Role"/><Property Name="jobTitle" Type="Edm.String" Nullable="true" sap:required="false" sap:creatable="true" sap:updatable="true"
					sap:upsertable="true" sap:visible="true" sap:sortable="false" sap:filterable="false" sap:field-control="userPermissionsNav/jobTitle"
					sap:label="Title"/><Property Name="keyPosition" Type="Edm.Boolean" Nullable="true" sap:required="false" sap:creatable="true" sap:updatable="true"
					sap:upsertable="true" sap:visible="true" sap:sortable="false" sap:filterable="false" sap:field-control="userPermissionsNav/keyPosition"
					sap:label="Key Position"/><Property Name="lastModified" Type="Edm.DateTime" Nullable="true" sap:required="false" sap:creatable="false" sap:updatable="false"
					sap:upsertable="false" sap:visible="true" sap:sortable="true" sap:filterable="true" sap:field-control="userPermissionsNav/lastModified"
					sap:display-format="Date" sap:label="lastModified"/><Property Name="lastModifiedDateTime" Type="Edm.DateTimeOffset" Nullable="true" sap:required="false" sap:creatable="false"
					sap:updatable="false" sap:upsertable="false" sap:visible="true" sap:sortable="true" sap:filterable="true"
					sap:field-control="userPermissionsNav/lastModifiedDateTime" sap:label="lastModifiedDateTime"/><Property Name="lastModifiedWithTZ" Type="Edm.DateTimeOffset" Nullable="true" sap:required="false" sap:creatable="false"
					sap:updatable="false" sap:upsertable="false" sap:visible="true" sap:sortable="true" sap:filterable="true"
					sap:field-control="userPermissionsNav/lastModifiedWithTZ" sap:label="lastModifiedWithTZ"/><Property Name="lastName" Type="Edm.String" Nullable="true" sap:required="false" sap:creatable="true" sap:updatable="true"
					sap:upsertable="true" sap:visible="true" sap:sortable="true" sap:filterable="true" MaxLength="128"
					sap:field-control="userPermissionsNav/lastName" sap:label="Last Name"/><Property Name="lastReviewDate" Type="Edm.String" Nullable="true" sap:required="false" sap:creatable="true" sap:updatable="true"
					sap:upsertable="true" sap:visible="true" sap:sortable="false" sap:filterable="false" sap:field-control="userPermissionsNav/lastReviewDate"
					sap:label="Last Review Date"/><Property Name="level" Type="Edm.String" Nullable="true" sap:required="false" sap:creatable="true" sap:updatable="true"
					sap:upsertable="true" sap:visible="true" sap:sortable="false" sap:filterable="false" sap:field-control="userPermissionsNav/level"
					sap:label="Level"/><Property Name="localCurrencyCode" Type="Edm.String" Nullable="true" sap:required="false" sap:creatable="true" sap:updatable="true"
					sap:upsertable="true" sap:visible="true" sap:sortable="false" sap:filterable="false"
					sap:field-control="userPermissionsNav/localCurrencyCode" sap:label="Local Currency Code"/><Property Name="location" Type="Edm.String" Nullable="true" sap:required="false" sap:creatable="true" sap:updatable="true"
					sap:upsertable="true" sap:visible="true" sap:sortable="true" sap:filterable="true" MaxLength="128"
					sap:field-control="userPermissionsNav/location" sap:label="Location"/><Property Name="lumpsum2Target" Type="Edm.Double" Nullable="true" sap:required="false" sap:creatable="true" sap:updatable="true"
					sap:upsertable="true" sap:visible="true" sap:sortable="false" sap:filterable="false" sap:field-control="userPermissionsNav/lumpsum2Target"
					sap:label="Lump Sum 2 Target"/><Property Name="lumpsumTarget" Type="Edm.Double" Nullable="true" sap:required="false" sap:creatable="true" sap:updatable="true"
					sap:upsertable="true" sap:visible="true" sap:sortable="false" sap:filterable="false" sap:field-control="userPermissionsNav/lumpsumTarget"
					sap:label="Lump Sum Target"/><Property Name="married" Type="Edm.Boolean" Nullable="true" sap:required="false" sap:creatable="true" sap:updatable="true"
					sap:upsertable="true" sap:visible="true" sap:sortable="false" sap:filterable="false" sap:field-control="userPermissionsNav/married"
					sap:label="Married"/><Property Name="matrix1Label" Type="Edm.String" Nullable="true" sap:required="false" sap:creatable="false" sap:updatable="false"
					sap:upsertable="false" sap:visible="true" sap:sortable="false" sap:filterable="false" sap:field-control="userPermissionsNav/matrix1Label"
					sap:label="matrix1Label"/><Property Name="matrix2Label" Type="Edm.String" Nullable="true" sap:required="false" sap:creatable="false" sap:updatable="false"
					sap:upsertable="false" sap:visible="true" sap:sortable="false" sap:filterable="false" sap:field-control="userPermissionsNav/matrix2Label"
					sap:label="matrix2Label"/><Property Name="matrixManaged" Type="Edm.Boolean" Nullable="true" sap:required="false" sap:creatable="true" sap:updatable="true"
					sap:upsertable="true" sap:visible="true" sap:sortable="false" sap:filterable="false" sap:field-control="userPermissionsNav/matrixManaged"
					sap:label="Matrix Managed"/><Property Name="meritEffectiveDate" Type="Edm.DateTime" Nullable="true" sap:required="false" sap:creatable="true" sap:updatable="true"
					sap:upsertable="true" sap:visible="true" sap:sortable="false" sap:filterable="false"
					sap:field-control="userPermissionsNav/meritEffectiveDate" sap:display-format="Date" sap:label="Merit Raise Effective Date"/><Property Name="meritTarget" Type="Edm.DateTime" Nullable="true" sap:required="false" sap:creatable="true" sap:updatable="true"
					sap:upsertable="true" sap:visible="true" sap:sortable="false" sap:filterable="false" sap:field-control="userPermissionsNav/meritTarget"
					sap:display-format="Date" sap:label="Merit Target"/><Property Name="mi" Type="Edm.String" Nullable="true" sap:required="false" sap:creatable="true" sap:updatable="true" sap:upsertable="true"
					sap:visible="true" sap:sortable="false" sap:filterable="false" MaxLength="128" sap:field-control="userPermissionsNav/mi"
					sap:label="Middle Name"/><Property Name="minority" Type="Edm.Boolean" Nullable="true" sap:required="false" sap:creatable="true" sap:updatable="true"
					sap:upsertable="true" sap:visible="true" sap:sortable="false" sap:filterable="false" sap:field-control="userPermissionsNav/minority"
					sap:sensitive-personal-data="true" sap:label="Diversity Candidate"/><Property Name="nationality" Type="Edm.String" Nullable="true" sap:required="false" sap:creatable="true" sap:updatable="true"
					sap:upsertable="true" sap:visible="true" sap:sortable="false" sap:filterable="false" sap:field-control="userPermissionsNav/nationality"
					sap:label="Nationality"/><Property Name="newToPosition" Type="Edm.Boolean" Nullable="true" sap:required="false" sap:creatable="true" sap:updatable="true"
					sap:upsertable="true" sap:visible="true" sap:sortable="false" sap:filterable="false" sap:field-control="userPermissionsNav/newToPosition"
					sap:label="New to Position"/><Property Name="nickname" Type="Edm.String" Nullable="true" sap:required="false" sap:creatable="true" sap:updatable="true"
					sap:upsertable="true" sap:visible="true" sap:sortable="false" sap:filterable="false" MaxLength="128"
					sap:field-control="userPermissionsNav/nickname" sap:label="Nickname"/><Property Name="objective" Type="Edm.Single" Nullable="true" sap:required="false" sap:creatable="true" sap:updatable="true"
					sap:upsertable="true" sap:visible="true" sap:sortable="false" sap:filterable="false" sap:field-control="userPermissionsNav/objective"
					sap:label="Objective"/><Property Name="onboardingId" Type="Edm.String" Nullable="true" sap:required="false" sap:creatable="true" sap:updatable="true"
					sap:upsertable="true" sap:visible="true" sap:sortable="false" sap:filterable="false" sap:label="onboardingId"/><Property Name="origHireDate" Type="Edm.DateTime" Nullable="true" sap:required="false" sap:creatable="true" sap:updatable="true"
					sap:upsertable="true" sap:visible="true" sap:sortable="false" sap:filterable="false" sap:field-control="userPermissionsNav/origHireDate"
					sap:display-format="Date" sap:label="HireDate"/><Property Name="password" Type="Edm.String" Nullable="true" sap:required="false" sap:creatable="true" sap:updatable="true"
					sap:upsertable="true" sap:visible="false" sap:sortable="false" sap:filterable="false" MaxLength="128"
					sap:field-control="userPermissionsNav/password" sap:label="password"/><Property Name="payGrade" Type="Edm.String" Nullable="true" sap:required="false" sap:creatable="true" sap:updatable="true"
					sap:upsertable="true" sap:visible="true" sap:sortable="false" sap:filterable="false" sap:field-control="userPermissionsNav/payGrade"
					sap:label="Pay Grade"/><Property Name="performance" Type="Edm.Single" Nullable="true" sap:required="false" sap:creatable="true" sap:updatable="true"
					sap:upsertable="true" sap:visible="true" sap:sortable="false" sap:filterable="false" sap:field-control="userPermissionsNav/performance"
					sap:label="Performance"/><Property Name="potential" Type="Edm.Single" Nullable="true" sap:required="false" sap:creatable="true" sap:updatable="true"
					sap:upsertable="true" sap:visible="true" sap:sortable="false" sap:filterable="false" sap:field-control="userPermissionsNav/potential"
					sap:label="Potential"/><Property Name="promotionAmount" Type="Edm.Double" Nullable="true" sap:required="false" sap:creatable="true" sap:updatable="true"
					sap:upsertable="true" sap:visible="true" sap:sortable="false" sap:filterable="false" sap:field-control="userPermissionsNav/promotionAmount"
					sap:label="Promotion"/><Property Name="raiseProrating" Type="Edm.Double" Nullable="true" sap:required="false" sap:creatable="true" sap:updatable="true"
					sap:upsertable="true" sap:visible="true" sap:sortable="false" sap:filterable="false" sap:field-control="userPermissionsNav/raiseProrating"
					sap:label="Raise Prorating"/><Property Name="reasonForLeaving" Type="Edm.String" Nullable="true" sap:required="false" sap:creatable="true" sap:updatable="true"
					sap:upsertable="true" sap:visible="true" sap:sortable="false" sap:filterable="false" sap:picklist="reasonForLeaving"
					sap:field-control="userPermissionsNav/reasonForLeaving" sap:label="Reason for Leaving"/><Property Name="reloComments" Type="Edm.String" Nullable="true" sap:required="false" sap:creatable="true" sap:updatable="true"
					sap:upsertable="true" sap:visible="true" sap:sortable="false" sap:filterable="false" sap:field-control="userPermissionsNav/reloComments"
					sap:label="Comments"/><Property Name="reloLocation" Type="Edm.String" Nullable="true" sap:required="false" sap:creatable="true" sap:updatable="true"
					sap:upsertable="true" sap:visible="true" sap:sortable="false" sap:filterable="false" sap:field-control="userPermissionsNav/reloLocation"
					sap:label="Preferences"/><Property Name="reloWilling" Type="Edm.String" Nullable="true" sap:required="false" sap:creatable="true" sap:updatable="true"
					sap:upsertable="true" sap:visible="true" sap:sortable="false" sap:filterable="false" sap:picklist="relo"
					sap:field-control="userPermissionsNav/reloWilling" sap:label="Willing to Relocate"/><Property Name="reviewFreq" Type="Edm.String" Nullable="true" sap:required="false" sap:creatable="true" sap:updatable="true"
					sap:upsertable="true" sap:visible="true" sap:sortable="false" sap:filterable="false" MaxLength="200000000"
					sap:field-control="userPermissionsNav/reviewFreq" sap:label="Review Frequency"/><Property Name="riskOfLoss" Type="Edm.String" Nullable="true" sap:required="false" sap:creatable="true" sap:updatable="true"
					sap:upsertable="true" sap:visible="true" sap:sortable="false" sap:filterable="false" sap:picklist="riskOfLoss"
					sap:field-control="userPermissionsNav/riskOfLoss" sap:label="Risk of Loss"/><Property Name="salary" Type="Edm.Double" Nullable="true" sap:required="false" sap:creatable="true" sap:updatable="true"
					sap:upsertable="true" sap:visible="true" sap:sortable="false" sap:filterable="false" sap:field-control="userPermissionsNav/salary"
					sap:label="Salary"/><Property Name="salaryBudgetExtra2Percentage" Type="Edm.Double" Nullable="true" sap:required="false" sap:creatable="true"
					sap:updatable="true" sap:upsertable="true" sap:visible="true" sap:sortable="false" sap:filterable="false"
					sap:field-control="userPermissionsNav/salaryBudgetExtra2Percentage" sap:label="salaryBudgetExtra2Percentage"/><Property Name="salaryBudgetExtraPercentage" Type="Edm.Double" Nullable="true" sap:required="false" sap:creatable="true"
					sap:updatable="true" sap:upsertable="true" sap:visible="true" sap:sortable="false" sap:filterable="false"
					sap:field-control="userPermissionsNav/salaryBudgetExtraPercentage" sap:label="salaryBudgetExtraPercentage"/><Property Name="salaryBudgetFinalSalaryPercentage" Type="Edm.Double" Nullable="true" sap:required="false" sap:creatable="true"
					sap:updatable="true" sap:upsertable="true" sap:visible="true" sap:sortable="false" sap:filterable="false"
					sap:field-control="userPermissionsNav/salaryBudgetFinalSalaryPercentage" sap:label="salaryBudgetFinalSalaryPercentage"/><Property Name="salaryBudgetLumpsumPercentage" Type="Edm.Double" Nullable="true" sap:required="false" sap:creatable="true"
					sap:updatable="true" sap:upsertable="true" sap:visible="true" sap:sortable="false" sap:filterable="false"
					sap:field-control="userPermissionsNav/salaryBudgetLumpsumPercentage" sap:label="salaryBudgetLumpsumPercentage"/><Property Name="salaryBudgetMeritPercentage" Type="Edm.Double" Nullable="true" sap:required="false" sap:creatable="true"
					sap:updatable="true" sap:upsertable="true" sap:visible="true" sap:sortable="false" sap:filterable="false"
					sap:field-control="userPermissionsNav/salaryBudgetMeritPercentage" sap:label="salaryBudgetMeritPercentage"/><Property Name="salaryBudgetPromotionPercentage" Type="Edm.Double" Nullable="true" sap:required="false" sap:creatable="true"
					sap:updatable="true" sap:upsertable="true" sap:visible="true" sap:sortable="false" sap:filterable="false"
					sap:field-control="userPermissionsNav/salaryBudgetPromotionPercentage" sap:label="salaryBudgetPromotionPercentage"/><Property Name="salaryBudgetTotalRaisePercentage" Type="Edm.Double" Nullable="true" sap:required="false" sap:creatable="true"
					sap:updatable="true" sap:upsertable="true" sap:visible="true" sap:sortable="false" sap:filterable="false"
					sap:field-control="userPermissionsNav/salaryBudgetTotalRaisePercentage" sap:label="salaryBudgetTotalRaisePercentage"/><Property Name="salaryLocal" Type="Edm.Double" Nullable="true" sap:required="false" sap:creatable="true" sap:updatable="true"
					sap:upsertable="true" sap:visible="true" sap:sortable="false" sap:filterable="false" sap:field-control="userPermissionsNav/salaryLocal"
					sap:label="salaryLocal"/><Property Name="salaryProrating" Type="Edm.Double" Nullable="true" sap:required="false" sap:creatable="true" sap:updatable="true"
					sap:upsertable="true" sap:visible="true" sap:sortable="false" sap:filterable="false" sap:field-control="userPermissionsNav/salaryProrating"
					sap:label="Salary Prorating"/><Property Name="salutation" Type="Edm.String" Nullable="true" sap:required="false" sap:creatable="true" sap:updatable="true"
					sap:upsertable="true" sap:visible="true" sap:sortable="false" sap:filterable="false" MaxLength="128" sap:picklist="salutation"
					sap:field-control="userPermissionsNav/salutation" sap:label="Salutation"/><Property Name="sciLastModified" Type="Edm.DateTimeOffset" Nullable="true" sap:required="false" sap:creatable="false" sap:updatable="false"
					sap:upsertable="false" sap:visible="true" sap:sortable="true" sap:filterable="true" sap:field-control="userPermissionsNav/sciLastModified"
					sap:label="sciLastModified"/><Property Name="seatingChart" Type="Edm.String" Nullable="true" sap:required="false" sap:creatable="true" sap:updatable="true"
					sap:upsertable="true" sap:visible="true" sap:sortable="false" sap:filterable="false" sap:field-control="userPermissionsNav/seatingChart"
					sap:label="seatingChart"/><Property Name="serviceDate" Type="Edm.DateTime" Nullable="true" sap:required="false" sap:creatable="true" sap:updatable="true"
					sap:upsertable="true" sap:visible="true" sap:sortable="false" sap:filterable="false" sap:field-control="userPermissionsNav/serviceDate"
					sap:display-format="Date" sap:label="Service Date"/><Property Name="ssn" Type="Edm.String" Nullable="true" sap:required="false" sap:creatable="true" sap:updatable="true" sap:upsertable="true"
					sap:visible="true" sap:sortable="false" sap:filterable="false" MaxLength="128" sap:field-control="userPermissionsNav/ssn"
					sap:sensitive-personal-data="true" sap:label="Social Security Number"/><Property Name="state" Type="Edm.String" Nullable="true" sap:required="false" sap:creatable="true" sap:updatable="true"
					sap:upsertable="true" sap:visible="true" sap:sortable="false" sap:filterable="false" MaxLength="20"
					sap:field-control="userPermissionsNav/state" sap:label="State"/><Property Name="status" Type="Edm.String" Nullable="false" sap:required="true" sap:creatable="true" sap:updatable="true"
					sap:upsertable="true" sap:visible="true" sap:sortable="true" sap:filterable="true" MaxLength="17"
					sap:field-control="userPermissionsNav/status" sap:label="Status"/><Property Name="stockBudgetOptionAmount" Type="Edm.Double" Nullable="true" sap:required="false" sap:creatable="true" sap:updatable="true"
					sap:upsertable="true" sap:visible="true" sap:sortable="false" sap:filterable="false"
					sap:field-control="userPermissionsNav/stockBudgetOptionAmount" sap:label="stockBudgetOptionAmount"/><Property Name="stockBudgetOther1Amount" Type="Edm.Double" Nullable="true" sap:required="false" sap:creatable="true" sap:updatable="true"
					sap:upsertable="true" sap:visible="true" sap:sortable="false" sap:filterable="false"
					sap:field-control="userPermissionsNav/stockBudgetOther1Amount" sap:label="stockBudgetOther1Amount"/><Property Name="stockBudgetOther2Amount" Type="Edm.Double" Nullable="true" sap:required="false" sap:creatable="true" sap:updatable="true"
					sap:upsertable="true" sap:visible="true" sap:sortable="false" sap:filterable="false"
					sap:field-control="userPermissionsNav/stockBudgetOther2Amount" sap:label="stockBudgetOther2Amount"/><Property Name="stockBudgetOther3Amount" Type="Edm.Double" Nullable="true" sap:required="false" sap:creatable="true" sap:updatable="true"
					sap:upsertable="true" sap:visible="true" sap:sortable="false" sap:filterable="false"
					sap:field-control="userPermissionsNav/stockBudgetOther3Amount" sap:label="stockBudgetOther3Amount"/><Property Name="stockBudgetStockAmount" Type="Edm.Double" Nullable="true" sap:required="false" sap:creatable="true" sap:updatable="true"
					sap:upsertable="true" sap:visible="true" sap:sortable="false" sap:filterable="false"
					sap:field-control="userPermissionsNav/stockBudgetStockAmount" sap:label="stockBudgetStockAmount"/><Property Name="stockBudgetUnitAmount" Type="Edm.Double" Nullable="true" sap:required="false" sap:creatable="true" sap:updatable="true"
					sap:upsertable="true" sap:visible="true" sap:sortable="false" sap:filterable="false"
					sap:field-control="userPermissionsNav/stockBudgetUnitAmount" sap:label="stockBudgetUnitAmount"/><Property Name="suffix" Type="Edm.String" Nullable="true" sap:required="false" sap:creatable="true" sap:updatable="true"
					sap:upsertable="true" sap:visible="true" sap:sortable="false" sap:filterable="false" MaxLength="128"
					sap:field-control="userPermissionsNav/suffix" sap:label="Suffix"/><Property Name="sysCostOfSource" Type="Edm.Single" Nullable="true" sap:required="false" sap:creatable="true" sap:updatable="true"
					sap:upsertable="true" sap:visible="true" sap:sortable="false" sap:filterable="false" sap:field-control="userPermissionsNav/sysCostOfSource"
					sap:label="Paid to Recruiting Source"/><Property Name="sysSource" Type="Edm.Int32" Nullable="true" sap:required="false" sap:creatable="true" sap:updatable="true"
					sap:upsertable="true" sap:visible="true" sap:sortable="false" sap:filterable="false" sap:picklist="recruitingSource"
					sap:field-control="userPermissionsNav/sysSource" sap:label="Recruiting Source"/><Property Name="sysStartingSalary" Type="Edm.Single" Nullable="true" sap:required="false" sap:creatable="true" sap:updatable="true"
					sap:upsertable="true" sap:visible="true" sap:sortable="false" sap:filterable="false"
					sap:field-control="userPermissionsNav/sysStartingSalary" sap:label="Starting Salary"/><Property Name="teamMembersSize" Type="Edm.Int32" Nullable="true" sap:required="false" sap:creatable="false" sap:updatable="false"
					sap:upsertable="false" sap:visible="true" sap:sortable="false" sap:filterable="false" sap:field-control="userPermissionsNav/teamMembersSize"
					sap:label="teamMembersSize"/><Property Name="timeZone" Type="Edm.String" Nullable="true" sap:required="false" sap:creatable="true" sap:updatable="true"
					sap:upsertable="true" sap:visible="true" sap:sortable="false" sap:filterable="false" MaxLength="16"
					sap:field-control="userPermissionsNav/timeZone" sap:label="Time Zone"/><Property Name="title" Type="Edm.String" Nullable="true" sap:required="false" sap:creatable="true" sap:updatable="true"
					sap:upsertable="true" sap:visible="true" sap:sortable="false" sap:filterable="false" MaxLength="255"
					sap:field-control="userPermissionsNav/title" sap:label="Title"/><Property Name="totalTeamSize" Type="Edm.Int64" Nullable="true" sap:required="false" sap:creatable="false" sap:updatable="false"
					sap:upsertable="false" sap:visible="true" sap:sortable="false" sap:filterable="false" sap:field-control="userPermissionsNav/totalTeamSize"
					sap:label="totalTeamSize"/><Property Name="userId" Type="Edm.String" Nullable="false" sap:required="true" sap:creatable="true" sap:updatable="true"
					sap:upsertable="true" sap:visible="true" sap:sortable="true" sap:filterable="true" MaxLength="100"
					sap:field-control="userPermissionsNav/userId" sap:label="User ID"/><Property Name="username" Type="Edm.String" Nullable="true" sap:required="false" sap:creatable="true" sap:updatable="true"
					sap:upsertable="true" sap:visible="true" sap:sortable="true" sap:filterable="true" MaxLength="100"
					sap:field-control="userPermissionsNav/username" sap:label="Username"/><Property Name="veteranDisabled" Type="Edm.Boolean" Nullable="true" sap:required="false" sap:creatable="true" sap:updatable="true"
					sap:upsertable="true" sap:visible="true" sap:sortable="false" sap:filterable="false" sap:field-control="userPermissionsNav/veteranDisabled"
					sap:label="Vet Disabled"/><Property Name="veteranMedal" Type="Edm.Boolean" Nullable="true" sap:required="false" sap:creatable="true" sap:updatable="true"
					sap:upsertable="true" sap:visible="true" sap:sortable="false" sap:filterable="false" sap:field-control="userPermissionsNav/veteranMedal"
					sap:label="Vet Medal"/><Property Name="veteranProtected" Type="Edm.Boolean" Nullable="true" sap:required="false" sap:creatable="true" sap:updatable="true"
					sap:upsertable="true" sap:visible="true" sap:sortable="false" sap:filterable="false" sap:field-control="userPermissionsNav/veteranProtected"
					sap:label="Protected Vet"/><Property Name="veteranSeparated" Type="Edm.Boolean" Nullable="true" sap:required="false" sap:creatable="true" sap:updatable="true"
					sap:upsertable="true" sap:visible="true" sap:sortable="false" sap:filterable="false" sap:field-control="userPermissionsNav/veteranSeparated"
					sap:label="Vet Separated"/><Property Name="zipCode" Type="Edm.String" Nullable="true" sap:required="false" sap:creatable="true" sap:updatable="true"
					sap:upsertable="true" sap:visible="true" sap:sortable="false" sap:filterable="false" MaxLength="10"
					sap:field-control="userPermissionsNav/zipCode" sap:label="ZIP"/><NavigationProperty Name="customManager" sap:required="false" sap:creatable="true" sap:updatable="true" sap:upsertable="true"
					sap:visible="true" sap:sortable="true" sap:filterable="true" Relationship="SFOData.customManager_of_user" FromRole="user"
					ToRole="customManager" sap:field-control="userPermissionsNav/customManager" sap:label="Custom Manager"/><NavigationProperty Name="customReports" sap:required="false" sap:creatable="false" sap:updatable="false" sap:upsertable="false"
					sap:visible="true" sap:sortable="false" sap:filterable="false" Relationship="SFOData.customManager_of_user" FromRole="customManager"
					ToRole="user" sap:field-control="userPermissionsNav/customReports" sap:label="customReports"/><NavigationProperty Name="directReports" sap:required="false" sap:creatable="false" sap:updatable="false" sap:upsertable="false"
					sap:visible="true" sap:sortable="false" sap:filterable="false" Relationship="SFOData.manager_of_user" FromRole="manager" ToRole="user"
					sap:field-control="userPermissionsNav/directReports" sap:label="directReports"/><NavigationProperty Name="hr" sap:required="false" sap:creatable="true" sap:updatable="true" sap:upsertable="true" sap:visible="true"
					sap:sortable="true" sap:filterable="true" Relationship="SFOData.hr_of_user" FromRole="user" ToRole="hr"
					sap:field-control="userPermissionsNav/hr" sap:label="Human Resource"/><NavigationProperty Name="hrReports" sap:required="false" sap:creatable="false" sap:updatable="false" sap:upsertable="false"
					sap:visible="true" sap:sortable="false" sap:filterable="false" Relationship="SFOData.hr_of_user" FromRole="hr" ToRole="user"
					sap:field-control="userPermissionsNav/hrReports" sap:label="hrReports"/><NavigationProperty Name="manager" sap:required="false" sap:creatable="true" sap:updatable="true" sap:upsertable="true" sap:visible="true"
					sap:sortable="true" sap:filterable="true" Relationship="SFOData.manager_of_user" FromRole="user" ToRole="manager"
					sap:field-control="userPermissionsNav/manager" sap:label="Manager"/><NavigationProperty Name="matrixManager" sap:required="false" sap:creatable="true" sap:updatable="true" sap:upsertable="true"
					sap:visible="true" sap:sortable="true" sap:filterable="true" Relationship="SFOData.matrixManager_of_user" FromRole="user"
					ToRole="matrixManager" sap:field-control="userPermissionsNav/matrixManager" sap:label="Matrix Manager"/><NavigationProperty Name="matrixReports" sap:required="false" sap:creatable="false" sap:updatable="false" sap:upsertable="false"
					sap:visible="true" sap:sortable="false" sap:filterable="false" Relationship="SFOData.matrixManager_of_user" FromRole="matrixManager"
					ToRole="user" sap:field-control="userPermissionsNav/matrixReports" sap:label="matrixReports"/><NavigationProperty Name="proxy" sap:required="false" sap:creatable="true" sap:updatable="true" sap:upsertable="true" sap:visible="true"
					sap:sortable="true" sap:filterable="true" Relationship="SFOData.proxy_of_user" FromRole="user" ToRole="proxy"
					sap:field-control="userPermissionsNav/proxy" sap:label="Proxy"/><NavigationProperty Name="secondManager" sap:required="false" sap:creatable="true" sap:updatable="true" sap:upsertable="true"
					sap:visible="true" sap:sortable="true" sap:filterable="true" Relationship="SFOData.secondManager_of_user" FromRole="user"
					ToRole="secondManager" sap:field-control="userPermissionsNav/secondManager" sap:label="Second Manager"/><NavigationProperty Name="secondReports" sap:required="false" sap:creatable="false" sap:updatable="false" sap:upsertable="false"
					sap:visible="true" sap:sortable="false" sap:filterable="false" Relationship="SFOData.secondManager_of_user" FromRole="secondManager"
					ToRole="user" sap:field-control="userPermissionsNav/secondReports" sap:label="secondReports"/></EntityType>
			<Association Name="proxy_of_user"><End Type="SFOData.User" Multiplicity="*" Role="proxy"/><End Type="SFOData.User" Multiplicity="*" Role="user"/></Association>
			<Association Name="customManager_of_user"><End Type="SFOData.User" Multiplicity="*" Role="customManager"/><End Type="SFOData.User" Multiplicity="*" Role="user"/></Association>
			<Association Name="secondManager_of_user"><End Type="SFOData.User" Multiplicity="0..1" Role="secondManager"/><End Type="SFOData.User" Multiplicity="*" Role="user"/></Association>
			<Association Name="matrixManager_of_user"><End Type="SFOData.User" Multiplicity="*" Role="matrixManager"/><End Type="SFOData.User" Multiplicity="*" Role="user"/></Association>
			<Association Name="hr_of_user"><End Type="SFOData.User" Multiplicity="0..1" Role="hr"/><End Type="SFOData.User" Multiplicity="*" Role="user"/></Association>
			<Association Name="manager_of_user"><End Type="SFOData.User" Multiplicity="0..1" Role="manager"/><End Type="SFOData.User" Multiplicity="*" Role="user"/></Association>
		</Schema>
	</edmx:DataServices>
</edmx:Edmx>